{
    "Cylinder": {
        "Radius": 1.0,
        "Height": 1.0,
        "Phi": 6.283185307179586
    },
    "Grid": {
        "Nr": 10,
        "Nz": 10,
        "Nphi": 10
    },
    "Step_Size": {
        "dr": 0.1111111111111111,
        "dz": 0.1111111111111111,
        "dphi": 0.6283185307179586
    },
    "Simulation": {
        "Max_Steps": 100,
        "dt": 0.01,
        "a": 0.01
    },
    "Heat_Point": {
        "Enabled": false,
        "Coordinates": null,
        "Schedule": [
            [
                1,
                500
            ],
            [
                18,
                442.5950355646992
            ],
            [
                18,
                363
            ],
            [
                45,
                250
            ],
            [
                70,
                383
            ],
            [
                70,
                515
            ],
            [
                89,
                381
            ],
            [
                104,
                381
            ],
            [
                126,
                506
            ],
            [
                150,
                500
            ]
        ]
    }
}